pumpstart,pumpend
2023-08-02 09:00,2023-08-04 13:00
2023-08-27 12:00,2023-08-31 12:00
2023-09-28 06:00,2023-09-29 08:00
2024-04-04 06:00,2024-04-07 11:00
2024-04-20 09:00,2024-04-21 18:00
2024-04-29 12:00,2024-04-30 10:00
2024-05-09 01:00,2024-05-10 15:00
2024-05-15 08:00,2024-05-16 06:00
2024-05-23 12:00,2024-05-24 10:00
2024-05-25 06:00,2024-05-26 09:00
2024-05-27 06:00,2024-05-28 15:00
2024-05-29 06:00,2024-05-31 09:00
2024-06-06 06:00,2024-06-07 12:00
2024-06-24 08:00,2024-06-26 15:00
2024-06-29 12:00,2024-06-30 18:00
2024-07-03 00:00,2024-07-04 16:00
2024-07-05 06:00,2024-07-06 18:00
2024-07-15 00:00,2024-07-18 12:00
2024-07-26 09:00,2024-07-28 06:00
2024-09-22 12:00,2024-09-26 12:00
2024-09-29 09:00,2024-09-30 12:00
2024-11-02 06:00,2024-11-03 10:00
2024-11-03 22:00,2024-11-04 09:00
